,código_cno_2015,grupos_primarios
0,111,Oficiales del Ejército
1,112,Oficiales de la Marina de Guerra
2,113,Oficiales de la Fuerza Aérea
3,120,Oficiales de la Fuerzas Policiales
4,211,Suboficiales del Ejército
5,212,Suboficiales de la Marina de Guerra
6,213,Suboficiales de la Fuerza Aérea
7,220,Suboficiales de la Policía Nacional
8,311,Técnicos del Ejército
9,312,Técnicos de la Marina de Guerra
10,313,Técnicos de la Fuerza aérea
11,320,Técnicos de la Fuerzas Policiales
12,1111,Miembros del Poder Ejecutivo excepto jefes de pequeñas poblaciones
13,1112,Miembros del Poder Legislativo
14,1113,Miembros de la Corte Suprema de Justicia y de la Corte Superior de Justicia
15,1114,Directivos de la administración pública
16,1115,"Jefes de comunidades indígenas,  etnias especiales y otras pequeñas poblaciones"
17,1121,"Directores Generales del sector privado agropecuario, la caza y la silvicultura"
18,1122,Directores generales del sector privado de la piscicultura y la pesca
19,1131,Directores generales del sector privado de la industria manufacturera
20,1132,"Directores generales del sector privado de explotaciones mineras, petróleo y gas"
21,1133,Directores generales del sector privado de la construcción
22,1134,"Directores generales de servicios de abastecimiento, distribución, transporte y afines"
23,1141,Directores generales del sector privado del servicio de alojamiento
24,1142,Directores generales del sector privado del servicio de restaurante
25,1143,Directores generales del sector privado del servicio de comercio al por mayor
26,1144,Directores generales del sector privado del servicio de comercio al por menor
27,1150,Directores generales del sector privado de servicios de tecnología de la información y las comunicaciones (TIC)
28,1161,Directores generales del sector privado que presentan servicios de cuidados infantiles
29,1162,Directores generales de centros culturales y entretenimiento
30,1163,Directores generales del sector privado que prestan servicios de salud
31,1164,Directores generales del sector privado que prestan servicios de cuidado del adulto mayor
32,1165,Directores generales del sector privado que presenta servicios de bienestar social
33,1166,Directores generales del sector privado que presenta servicios de educación
34,1167,Directores generales del sector privado que prestan servicios financieros y de seguros
35,1169,Otros directores generales del sector privado que prestan servicios profesionales
36,1171,Dirigentes de organizaciones políticas
37,1172,Dirigentes de organizaciones gremiales
38,1173,Dirigentes de organizaciones que presentan un interés especial
39,1211,"Directores en servicios financieros, de presupuesto y/o contabilidad"
40,1212,Directores de recursos humanos y/o relaciones laborales
41,1213,Directores de políticas y planificación
42,1219,Otros directores de administración y servicios
43,1221,Directores de ventas y comercialización
44,1222,Directores de publicidad y relaciones públicas.
45,1223,Directores de investigación y desarrollo
46,1311,Directores y gerentes de producción agropecuaria y silvicultura
47,1312,Directores y gerentes de producción de piscicultura y pesca
48,1321,Directores y gerentes de industrias manufactureras
49,1322,Directores y gerentes de empresas de explotaciones mineras
50,1323,Directores y gerentes de empresas de construcción
51,1324,Directores y gerentes de empresas de transporte
52,1325,Directores y gerentes de producción y suministro de petróleo y gas
53,1326,Directores y gerentes en generación y provisión de energía eléctrica y agua
54,1330,Directores y gerentes de servicios de tecnología de la información y las comunicaciones
55,1341,Directores y gerentes de empresas que prestan servicios de cuidados infantiles
56,1342,Directores y gerentes de empresas que prestan servicios de salud
57,1343,Directores de servicios del cuidado del adulto mayor
58,1344,Directores de empresas que ofrecen servicios sociales
59,1345,Directores de servicios en centros de enseñanza y capacitación
60,1346,"Gerentes de sucursales de bancos, de servicios financieros y de seguros"
61,1411,Gerentes de hoteles y establecimientos similares que proveen servicios de alojamiento
62,1412,"Gerentes de restaurantes, bares y afines"
63,1421,Gerentes de abastecimiento y distribución
64,1422,Gerentes de comercios al por mayor y al por menor
65,1491,"Directores y gerentes de centros deportivos, de esparcimiento y entretenimientos"
66,1492,Directores y gerentes de centros culturales
67,1499,Otros gerentes de servicios
68,2111,Físicos y astrónomos
69,2112,Meteorólogos
70,2113,Químicos
71,2114,Geólogos y geofísicos
72,2120,"Matemáticos, actuarios y estadísticos"
73,2131,"Biólogos, botánicos, zoólogos y afines"
74,2132,Agrónomos y afines
75,2133,Profesionales de la protección medioambiental
76,2141,Ingenieros industriales y de producción
77,2142,Ingenieros civiles
78,2143,Ingenieros medioambientales
79,2144,Ingenieros mecánicos
80,2145,Ingenieros químicos
81,2146,"Ingenieros de minas, metalúrgicos y afines"
82,2149,Otros ingenieros
83,2151,Ingenieros electricistas
84,2152,Ingenieros electrónicos
85,2153,Ingenieros en telecomunicaciones
86,2161,Arquitectos
87,2162,Arquitectos paisajista
88,2163,Diseñadores de productos y de prendas
89,2164,Urbanistas e ingenieros de tránsito
90,2165,Cartógrafos y agrimensores
91,2166,Diseñadores gráficos y multimedia
92,2211,Médicos generales
93,2212,Médicos especialistas
94,2221,Profesionales de enfermería
95,2222,Profesionales de partería
96,2230,Profesionales de medicina tradicional y alternativa
97,2240,Veterinarios
98,2251,Dentistas
99,2252,Farmacéuticos
100,2253,Profesionales de la salud y la higiene laboral y ambiental
101,2254,Fisioterapeutas
102,2255,Dietistas y nutricionistas
103,2256,Audiólogos y logopedas
104,2257,Optometristas
105,2259,Otros profesionales de la salud
106,2311,Profesores de universidades y de la enseñanza superior
107,2312,Profesores de enseñanza superior técnico productivos
108,2320,Profesores de formación profesional
109,2330,Profesores de enseñanza secundaria
110,2341,Maestros de enseñanza primaria
111,2342,Maestros preescolares
112,2351,Especialistas en métodos pedagógicos
113,2352,Educadores para necesidades especiales
114,2353,Instructores en tecnología de la información
115,2359,Otros profesionales de la enseñanza
116,2411,Contadores
117,2412,Analistas y asesores financieros y de inversiones
118,2421,Analistas de gestión y organización
119,2422,Especialistas en políticas de administración
120,2423,Especialistas en políticas y servicios de personal y afines
121,2424,Especialistas en formación del personal
122,2431,Profesionales de la publicidad y la comercialización
123,2432,Profesionales de relaciones públicas
124,2433,"Profesionales en hotelería, turismo y gastronomía"
125,2511,Analistas de sistemas
126,2512,Especialistas programadores
127,2513,Especialistas de desarrollo de los sistemas de información
128,2514,Administradores de base de datos
129,2515,Administradores de red
130,2519,Otros analistas y desarrolladores de sistemas de información
131,2521,Especialistas en soporte de sistemas informáticos
132,2529,Otros especialistas en soporte técnico de sistemas informáticos
133,2611,Abogados
134,2619,Otros profesionales en derecho
135,2621,Archivistas y curadores de museos
136,2622,"Bibliotecarios, documentalistas y afines"
137,2631,Economistas
138,2632,"Sociólogos, antropólogos y afines"
139,2633,"Filósofos, historiadores y especialistas en ciencias políticas"
140,2634,Psicólogos
141,2635,Profesionales del trabajo social
142,2636,Profesionales religiosos
143,2641,Autores y otros escritores
144,2642,Periodistas
145,2643,"Traductores, intérpretes y lingüistas"
146,2651,Artistas de artes plásticas
147,2652,"Músicos, cantantes y compositores"
148,2653,Bailarines y coreógrafos
149,2654,"Directores de cine, de teatro y afines"
150,2655,Actores
151,2656,"Locutores de radio, televisión y otros medios de comunicación"
152,3111,Técnicos en ciencias físicas y químicas
153,3112,Técnicos en ingeniería civil
154,3113,Técnico en electricidad
155,3114,Técnicos en electrónica
156,3115,Técnicos en ingeniería mecánica
157,3116,Técnicos en química industrial
158,3117,Técnicos en ingeniería de minas y metalurgia
159,3118,Delineantes y dibujantes técnicos
160,3119,Otros técnicos en ciencias físicas y en ingeniería
161,3121,Supervisores en ingeniería de minas
162,3122,Supervisores de industrias manufactureras
163,3123,Supervisores de la construcción
164,3124,"Supervisores de abastecimiento, distribución y afines"
165,3125,Supervisores de transporte y servicios conexos
166,3126,Supervisores de servicios de tecnología de la información y las  comunicaciones
167,3129,"Otros supervisores en ingeniería de minas, de industrias manufactureras y de la construcción"
168,3131,"Supervisores de mantenimiento y limpieza en oficinas, hoteles y otros establecimientos"
169,3132,Supervisores en la preparación y servicios de alimentos y bebidas en establecimientos
170,3141,Operadores de instalaciones de producción de energía
171,3142,"Técnicos en instalaciones de incineración, de tratamiento de agua y otros operadores en planta similares"
172,3143,Controladores de instalaciones de procesamiento de productos químicos
173,3144,Operadores de instalaciones de refinación de petróleo y gas natural
174,3145,Controladores de procesos de producción de metales
175,3149,Otros técnicos en control de procesos
176,3151,Técnicos en ciencias biológicas (excluyendo la medicina)
177,3152,Técnicos agropecuarios
178,3153,Técnicos forestales
179,3161,Oficiales maquinistas en navegación
180,3162,"Capitanes, oficiales de cubierta y prácticos"
181,3163,Pilotos de aviación y afines
182,3164,Controladores de tráfico aéreo
183,3165,Técnicos en seguridad aeronáutica
184,3211,Técnicos en Radioterapia e imagenlogía
185,3212,Técnicos de laboratorios médicos
186,3213,Técnicos y asistentes farmacéuticos
187,3214,Técnicos de prótesis médicas y ortopédicas
188,3215,Técnicos de prótesis dentales
189,3221,Profesionales de nivel medio de enfermería
190,3222,Profesionales de nivel medio de partería
191,3230,Profesionales de nivel medio de medicina tradicional y alternativa
192,3240,Técnicos y asistentes veterinarios
193,3251,Técnicos superiores en higiene bucal  y asistentes dentales
194,3252,Técnicos en documentación sanitaria
195,3253,Trabajadores comunitarios de la salud
196,3254,Técnicos en optometría y ópticos
197,3255,Técnicos y asistentes fisioterapeutas
198,3256,Practicantes y asistentes médicos
199,3257,"Inspectores de la salud ocupacional, medioambiental y afines"
200,3258,Paramédicos
201,3259,Otros profesionales de nivel  medio de la salud
202,3311,"Agentes de bolsa, cambio y otros servicios financieros"
203,3312,Oficiales de préstamos y créditos
204,3313,Técnico en contabilidad
205,3314,Técnicos en administración
206,3315,Técnicos en servicios estadísticos y afines
207,3316,Tasadores
208,3317,Técnicos en economía
209,3321,Agentes de seguros
210,3322,Representantes comerciales
211,3323,Agentes de compras
212,3331,Declarantes o gestores de aduana
213,3332,Organizadores de conferencias y eventos
214,3333,Agentes de empleo y contratistas de mano de obra
215,3334,Agentes inmobiliarios
216,3339,Otros agentes de servicios comerciales
217,3341,Personal  de aduana e inspectores de fronteras
218,3342,Personal e inspectores de la administración tributaria
219,3343,Personal e inspectores de servicios de seguridad social
220,3344,Personal e inspectores de servicios de expedición de licencias y permisos
221,3349,Otro personal de nivel medio de la administración pública y afines
222,3411,"Profesionales de nivel medio del derecho, servicios legales y afines"
223,3412,Trabajadores y asistentes sociales de nivel medio
224,3413,Auxiliares laicos de las religiones
225,3421,Atletas y deportistas
226,3422,Entrenadores e instructores de actividades deportivas
227,3423,Jueces de actividades deportivas y recreativas
228,3431,Fotógrafos
229,3432,Diseñadores y decoradores
230,3433,"Técnicos en galerías de arte, museos y bibliotecas"
231,3434,Chefs
232,3439,Otros profesionales de nivel medio en actividades culturales y artísticas
233,3511,Técnicos en operaciones de tecnología de la información y las comunicaciones
234,3512,Técnicos en asistencia al usuario de tecnología de la información y las comunicaciones
235,3513,Técnicos en redes y sistemas de computadoras
236,3514,Técnicos de la Web
237,3521,Técnicos de radiodifusión y grabación audio visual
238,3522,Técnicos de ingeniería de las telecomunicaciones
239,3523,Locutores en radio y televisión
240,4110,Jefes de empleados administrativos
241,4120,Secretarios
242,4131,Empleados de registros
243,4132,Transcriptores de datos e información
244,4211,Cajeros de bancos y afines
245,4212,Empleados de ventas de apuestas y de salas de juego
246,4213,Empleados de casas de empeño y de préstamo
247,4214,Cobradores y afines
248,4221,Empleados de agencias de viajes
249,4222,Empleados de centros de llamadas
250,4223,Empleados de ventanillas de informes
251,4224,Recepcionistas
252,4225,Entrevistadores de encuestas y de investigaciones de mercados
253,4229,Otros empleados de servicios de información al cliente
254,4311,Empleados de contabilidad y cálculo de costos
255,4312,"Empleados de servicios estadísticos, financieros y de seguros"
256,4313,Empleados encargados de las nóminas
257,4321,Empleados de control de abastecimiento e inventario
258,4322,Empleados de servicios de apoyo a la producción
259,4323,Empleados de servicios de transporte
260,4411,Empleados de bibliotecas
261,4412,Empleados de servicios de correos
262,4413,"Codificadores de datos, correctores de pruebas de imprenta y afines"
263,4414,Escribientes públicos y afines
264,4415,Empleados de archivos
265,4416,Empleados del servicio de personal
266,4417,"Auxiliares en la administración, contabilidad, derecho y afines"
267,4419,Otro personal de apoyo administrativo
268,5111,"Auxiliares de vuelo, camareros de avión y barco"
269,5112,Revisores de los transportes terrestres
270,5113,Guías de turismo
271,5120,Cocineros
272,5131,Camareros de mesas
273,5132,Camareros de barra
274,5141,Peluqueros
275,5142,Especialistas en tratamientos de belleza y afines
276,5161,"Astrólogos, adivinadores y afines"
277,5162,Personal de pompas fúnebres y embalsamadores
278,5163,Cuidadores de animales
279,5164,Instructores de manejo de auto
280,5165,"Modelos de moda, arte y publicidad"
281,5169,Otros trabajadores de servicios personales
282,5211,Vendedores mayoristas
283,5212,Vendedores minoristas en tiendas y establecimientos (excepto kioscos y mercados)
284,5213,Vendedores en kiosco fijo y puestos de mercado
285,5221,Supervisores de comercio al por mayor
286,5222,Supervisores de comercio al por menor
287,5223,Asistentes de venta en tiendas y almacenes
288,5230,Cajeros y expendedores de billetes (excepto cajeros de banco)
289,5241,"Demostradores, degustadores y reponedores"
290,5242,Vendedores puerta a puerta
291,5243,Vendedores por teléfono
292,5244,Expendedores de gasolineras
293,5245,Vendedores de comidas en mostrador
294,5249,Otros vendedores
295,5311,Cuidadores de niños en instituciones
296,5312,Auxiliares de maestros
297,5321,Trabajadores en el cuidado de personas en instituciones
298,5322,Trabajadores en el cuidado de personas a domicilio
299,5329,Trabajadores en el cuidado de personas en servicios de salud
300,5411,Bomberos
301,5412,Policías municipales
302,5413,Guardianes de prisión
303,5414,Guardias de protección en establecimiento
304,5419,Otro personal de los servicios de protección
305,6111,Agricultores y trabajadores calificados de cultivos extensivos
306,6112,Agricultores y trabajadores calificados de plantaciones de árboles y arbustos
307,6113,"Agricultores y trabajadores calificados de huertas, invernaderos, viveros y jardines"
308,6114,"Agricultores y trabajadores calificados de cultivos mixtos (Agrícolas, pecuarios y forestales)"
309,6121,Criadores y trabajadores calificados de ganado
310,6122,Avicultores y trabajadores calificados de la avicultura
311,6123,Apicultores y sericultores y trabajadores calificados de la apicultura y la sericultura
312,6129,Otros criadores y trabajadores pecuarios calificados en la cría de animales para el mercado
313,6130,Productores y trabajadores calificados de explotaciones agropecuarias mixtas cuya producción se destina al mercado
314,6210,Trabajadores forestales calificados y afines
315,6221,Trabajadores de explotaciones de acuicultura
316,6222,Pescadores de agua dulce y en aguas costeras
317,6223,Pescadores de alta mar
318,6224,Cazadores y tramperos
319,6310,Trabajadores agrícolas de subsistencia
320,6320,Trabajadores pecuarios de subsistencia
321,6330,Trabajadores agropecuarios de subsistencia
322,6340,"Pescadores, cazadores, tramperos y recolectores de subsistencia"
323,7111,Albañiles y constructores de casas y grandes obras civiles
324,7112,"Mamposteros, tronzadores, labradores y grabadores de piedra"
325,7113,Carpinteros de armar y armados de casas
326,7119,Otros trabajadores de la construcción y edificaciones
327,7121,Techadores
328,7122,"Yeseros, escayolistas y otros revocadores de techos y paredes"
329,7123,"Instaladores de pisos, parquet, baldosas y azulejos"
330,7124,Instaladores de material aislante y de insonorización
331,7125,Instaladores de refrigeración y climatización
332,7126,Instaladores de vidrio y cristaleros
333,7127,Gasfiteros e instaladores de tuberías
334,7128,Pintores de brocha gorda
335,7129,Otros pintores excepto brocha gorda
336,7211,"Moldeadores, torneros y troqueladores"
337,7212,Soldadores y oxicortadores
338,7213,Hojalateros y pintores de metales
339,7214,Montadores de estructuras metálicas
340,7221,Herreros y forjadores
341,7222,Cerrajeros y Herramentistas
342,7223,Reguladores y operadores de máquinas de herramientas
343,7224,Pulidores de metales y afiladores de herramientas
344,7231,Mecánicos y reparadores de vehículos de motor
345,7232,Mecánicos y reparadores de motores de avión
346,7233,Mecánicos y reparadores de motores de barco
347,7234,Mecánicos y reparadores de máquinas agrícolas e industriales
348,7235,Reparadores de bicicletas y afines
349,7311,"Joyeros, orfebres y plateros"
350,7312,Alfareros y afines (barro arcilla y ladrillo)
351,7313,"Artesanos de productos de palma, carrizo, mimbre, junco y afines."
352,7321,Trabajadores en el tratamiento de la madera
353,7322,Ebanistas y afines
354,7331,Trabajadores en la elaboración artesanal de papel y cartón
355,7332,"Impresores, tipógrafos y Linotipistas"
356,7333,Encuadernadores y afines
357,7334,Reveladores de fotografías
358,7341,Trabajadores en la preparación de fibras textiles e hilados
359,7342,Tejedores de fibras textiles
360,7351,Tejedores a mano en telares
361,7352,"Sastres, modistos, costureros y sombrereros"
362,7353,Patronistas y cortadores de tela y afines
363,7354,"Bordadores, reparadores y ayudantes de costura"
364,7355,"Tapiceros, colchoneros y afines"
365,7356,Estampadores textiles
366,7361,"Apelambradores, pellejeros, curtidores y teñidores de cuero"
367,7362,Zapateros y afines
368,7391,"Trabajadores especializados en la elaboración de productos de hule, caucho, plásticos y afines"
369,7392,"Artesanos y trabajadores en la elaboración de productos de vidrio, hueso, conchas y afines"
370,7399,"Otros Artesanos y trabajadores en la elaboración de productos de madera, papel, textiles cuero y piel"
371,7411,Electricistas y afines
372,7412,Instaladores y reparadores de líneas eléctricas
373,7421,Reparadores de equipos electrónicos y afines
374,7422,Instaladores y reparadores en tecnología de la información y las comunicaciones
375,7431,Mecánicos y reparadores de instrumentos de precisión
376,7432, Fabricantes y afinadores de instrumentos musicales
377,7511,"Trabajadores en la elaboración de productos de carne, pescados y afines"
378,7512,Trabajadores en la elaboración de harinas (excepto harina de pescado)
379,7513,"Panaderos, pasteleros y confiteros"
380,7514,Trabajadores en la elaboración de productos lácteos.
381,7515,"Trabajadores en la elaboración y conservación de productos elaborados a base de frutas, legumbres, verduras y afines."
382,7516,Catadores y clasificadores de alimentos y bebidas
383,7517,Preparadores y elaboradores de tabaco y sus derivados
384,7518,Trabajadores de la preparación de bebidas alcohólicas y refrescos
385,7519,"Otros trabajadores de la preparación de alimentos, bebidas y productos de tabaco"
386,8111,Mineros y operadores de instalaciones mineras
387,8112,Operadores de instalaciones de procesamiento de minerales y rocas
388,8113,"Perforadores y sondistas de pozos de petróleo y gas, bombeo y distribución de agua"
389,8114,Operadores de máquinas para fabricar cemento y otros productos minerales
390,8121,Operadores de instalaciones de procesamiento de metales
391,8122,"Operadores de máquinas pulidoras, galvanizadoras y recubridoras de metales"
392,8131,Operadores de plantas y máquinas de productos químicos
393,8132,Operadores de máquinas para fabricar productos fotográficos
394,8133,Operadores de máquinas para el tratamiento de agua
395,8134,Operadores de máquinas para la perforación de pozos y refinación del petróleo y gas
396,8141,Operadores de máquinas para fabricar productos de caucho
397,8142,Operadores de máquinas para fabricar productos de material plástico
398,8151,"Operadores de máquinas de preparación de fibras, hilado y devanado"
399,8152,Operadores de telares y otras máquinas tejedoras
400,8153,Operadores de máquinas de coser (industrial)
401,8154,"Operadores de máquinas de lavado, blanqueamiento, teñido, estampado y acabado de productos textiles"
402,8155,Operadores de máquinas de tratamiento de pieles y cueros
403,8156,Operadores de máquinas para la fabricación de calzado y afines
404,8159,Otros operadores de máquinas para fabricar productos textiles y artículos de piel y cuero
405,8160,"Operadores de máquinas para elaborar alimentos, bebidas y productos afines"
406,8171,Operadores de máquinas de procesamiento de la madera
407,8172,"Operadores de máquinas para la preparación de pasta para papel, papel y similares"
408,8173,Operadores de máquinas para fabricar productos de papel
409,8181,Operadores de máquinas para fabricar vidrio y cerámica
410,8182,Operadores de máquinas de vapor y calderas
411,8183,"Operadores de máquinas de embalaje, embotellamiento y etiquetado"
412,8189,Otros Operadores de máquinas y de instalaciones fijas
413,8211,Ensambladores de máquinas de motor
414,8212,Ensambladores de equipos eléctricos y electrónicos
415,8219,Otros ensambladores
416,8311,Maquinistas de locomotoras
417,8312,"Guardafrenos, guardagujas y agentes de maniobras"
418,8321,"Conductores de motocicletas, Mototaxi"
419,8322,"Conductores de automóviles, taxis y camionetas"
420,8331,Conductores de autobuses y tranvías COMBI
421,8332,Conductores de camiones pesados
422,8341,Operadores de maquinaria agrícola y forestal móvil
423,8342,Operadores de máquinas de movimiento de tierras y afines
424,8343,"Operadores de grúas, aparatos elevadores y afines"
425,8351,Marineros de cubierta y afines
426,8352,Conductores de pequeñas embarcaciones
427,9111,Limpiadores y asistentes domésticos
428,9112,"Limpiadores y asistentes de oficinas, hoteles y otros establecimientos"
429,9121,Lavanderos y planchadores manuales
430,9122,Lavadores de vehículos
431,9123,Limpiadores de ventanas
432,9124,Limpiadores ambulantes de calzado
433,9129,Otro personal de limpieza
434,9211,Peones de explotaciones agrícolas y ganaderas
435,9212,Peones de jardinería y horticultura
436,9213,Peones de pesca y acuicultura
437,9214,Peones forestales
438,9311,Peones de minas y canteras
439,9312,Peones de obras públicas y mantenimiento
440,9313,Peones de la construcción de edificios
441,9321,Trabajadores manuales de la industria manufacturera
442,9329,Otros peones de la industria manufacturera
443,9331,Conductores de vehículos accionados a pedal o a mano
444,9332,Conductores de vehículos y máquinas de tracción animal
445,9333,Peones de carga
446,9334,Cobradores de los transportes públicos
447,9411,Cocineros de comidas preparadas en la calle
448,9412,Ayudantes de cocina
449,9511,Vendedor ambulante de productos alimenticios manufacturados
450,9512,Vendedor ambulante de bebidas
451,9521,Vendedores ambulantes de productos agrícolas comestibles
452,9522,Vendedores ambulantes de productos agrícolas no utilizados en la alimentación humana
453,9523,Vendedores ambulantes de productos de la pesca y caza
454,9524,Vendedores ambulantes de animales vivos y productos pecuarios
455,9531,Vendedor ambulante de productos farmacéuticos y plantas medicinales
456,9532,Vendedor ambulante de tabaco y artículos conexos
457,9533,Vendedor ambulante de productos de tocador e higiene del hogar
458,9534,Vendedor ambulante de combustibles y lubricantes
459,9535,"Vendedor ambulante de telas, tejidos y confecciones de tela y/o cuero"
460,9536,"Vendedor ambulante de diarios, revistas, libros y útiles de escritorios"
461,9537,Vendedor ambulante de artículos deportivos y juguetes
462,9541,Vendedor ambulante de aparatos o artículos para el hogar
463,9542,Vendedor ambulante de artículos artísticos y de lujo
464,9549,Otros vendedores ambulantes de aparatos o artículos para el hogar
465,9611,Recolectores de basura
466,9612,Clasificadores de material reciclable
467,9613,Barrenderos y afines
468,9621,"Mensajeros, mandaderos, maleteros y repartidores de mercadería"
469,9622,"Porteros, guardianes y afines"
470,9623,Recolectores de dinero en aparatos de venta automática y lectores de medidores
471,9624,Acarreadores de agua y recolectores de leña
472,9629,Otras ocupaciones elementales
