,CODREV3,rnombre
0,0111,CULTIVO DE ALGODON Y OTRAS QUE DAN MATERIAS TEXTILES
1,0112,CULTIVO DE ACEITUNAS
2,0113,"CULTIVO DE CAFE, CACAO EN GRANO Y TE"
3,0121,CORTE DE LANA DE OVEJA POR EL PROPIETARIO DEL REBA¥O
4,0122,"CRIA EN CAUTIVERIO DE ANIMALES SEMIDOMESTICOS (PAJAROS, REPT"
5,0130,CULTIVO DE PRODUCTOS AGRICOLAS Y LA CRIA DE ANIMALES
6,0140,ACTIVIDADES DE CONTRATISTAS DE M. DE OBRA PARA EL SECTOR AGR
7,0150,ACTIVIDADES DE SERVICIO PARA PROMOVER LA CAZA ORDINARIA
8,0200,ACTIVIDADES DE SERVICIOS FORESTALES
9,0500,"CAPTURA DE ANIMALES ACUATICOS COMO TORTUGAS MARINAS, ERIZOS"
10,1010,EXTRACCION DE DIVERSOS TIPOS DE CARBON DE PIEDRA
11,1020,EXTRACCION DE LIGNITO (CARBON PARDO)
12,1030,EXTRACCION Y AGLOMERACION DE TURBA
13,1110,EXTRACCION DE PETROLEO CRUDO Y MINERALES BITUMINOSOS
14,1120,SERVICIOS DE PERFORACION Y REPERFORACION
15,1200,"CONCENTRACION DE MINERALES (URANIO,TORIO Y PECBLENDA)"
16,1310,"EXTRAC. DE MINERALES DE HIERRO COMO LA HEMATITA, ETC."
17,1320,EXTRACCION DE ALUMINIO (BAUXITA)
18,1410,EXPLOTACION GRAVERAS Y CANTERAS DE ARENA
19,1421,"CONCENT. COMPUESTOS DE BORO, SULFATO DE MAGNESIO"
20,1422,"EXTRACCION, MOLIENDA Y CRIBADO DE SAL"
21,1429,EXTRACCION DE ASBESTO
22,1511,ACTIVIDADES DE MATANZA - CAMALES
23,1512,"CONSERVACION DE CRUSTACEOS Y MOLUSCOS: CONGELAC., SECACION,"
24,1513,"CONSERVACION DE FRUTAS, HORTALIZAS Y LEGUMBRES (ENVASE RECIP"
25,1514,FABRICA DE ACEITES Y GRASAS DE ORIGEN VEGETAL Y ANIMAL
26,1515,EXTRACCION DE ACEITE DE HIGADO DE PESCADO
27,1520,"ELABORACION DE LECHE: CLASIFICACION, FILTRACION Y REFRIGERAC"
28,1531,"ELABOR. DE HARINA PREPARADA PARA LA FABRIC. DE PAN, PASTELES"
29,1532,FABRICA DE ALMIDONES
30,1533,"FABRICA DE ALIMENTOS PARA ANIMALES DE GRANJA: CONCENTRADOS,"
31,1541,PANADERIAS Y PASTELERIAS
32,1542,JARABE DE AZUCAR DE REMOLACHA Y DE CA¥A
33,1543,FABRICA DE PRODUCTOS DE CACAO
34,1544,FABRICA DE OTROS PRODUCTOS DE PASTA COCIDOS
35,1549,"FABRICA DE ESPECIAS, SALSAS, CONDIMENTOS Y MOSTAZA"
36,1551,PRODUCTORES DE CO¥AC
37,1552,PRODUCTORES DE JEREZ
38,1553,CERVECERIAS
39,1554,FABRICA DE REFRESCOS DE FRUTAS
40,1600,PRODUCTORES DE CIGARRILLOS
41,1711,"CORTADO, PEINADO Y LAVADO DE FIBRAS O YUTE"
42,1712,BLANQUEO DE PRODUCTOS TEXTILES
43,1721,FABRICA DE ALMOHADAS
44,1722,FABRICA DE ALFOMBRAS
45,1723,FABRICA DE BRAMANTES
46,1729,FABRICA DE BROCHAS
47,1730,FABRICA DE ARTICULOS DE JERSEYS
48,1810,FABRICA DE CINTURONES
49,1820,"ACTIVIDADES DE ENGRASE, DESCARMADURA Y BLANQUEADO DE PIELES"
50,1911,FABRICA DE CUEROS DE CHAROL
51,1912,FABRICA DE ARTICULOS CON CUEROS ARTIFICIALES
52,1920,FABRICA DE BOTINES
53,2010,ASERRADEROS
54,2021,FABRICA DE HOJAS DE MADERA PARA ENCHAPADO
55,2022,FABRICA DE ARMARIOS EMPOTRADOS
56,2023,FABRICA DE BANDEJAS DE MADERA
57,2029,ELABORACION DE CORCHO NATURAL PARA OBTENER CORCHO DESCORTEZA
58,2101,FABRICA DE PAPEL A MANO
59,2102,"FABRICA DE CAJONES, ESTUCHES PAPEL Y CARTON NO ONDULADO"
60,2109,FABRICA DE AEROGRAMAS
61,2211,EDITORAS DE ATLAS Y MAPAS
62,2212,EDITORAS DE PERIODICOS
63,2213,EDITORAS DE MATERIAL EN DISCOS GRAMOFONICOS
64,2219,EDITORAS DE CARTELES
65,2221,IMPRENTA DE ALBUMES
66,2222,"ENCUADERNACION (CON PLASTICOS, CARTON, ETC)"
67,2230,CINTAS DE COMPUTADORAS A PARTIR DE GRABACIONES ORIGINALES
68,2310,AGLOMERACION DE COQUE
69,2320,EXTRACCION DE BETUN DE PETROLEO
70,2330,EXTRACCION DE METAL DE URANIO A PARTIR DE PECBLENDA
71,2411,FABRIC. EXTRAC. DE PROD. VOLATILES MEDIANTE DESTIL. DE LA MA
72,2412,FABRICA DE ABONOS FOSFATADOS Y POTASICOS PUROS
73,2413,FABRICACION DE CAUCHO SINTETICO Y DE SUCEDANEOS DE CAUCHO
74,2421,FABRICA DE DESINFECTANTES
75,2422,FABRICA DE BARNICES
76,2423,FABRICA DE ACIDO SALICILICO Y SUS SALES Y ESTERES
77,2424,FABRICA DE BETUNES Y CREMAS PARA EL CALZADO
78,2429,FABRICA DE ACEITES ESENCIALES
79,2430,FABRICA DE FIBRAS O HEBRAS SINTETICAS SIN FILAMENTO EJM. PAJ
80,2511,FABRICA DE CUBIERTAS DE AERONAVES Y TOPADORAS
81,2519,FABRICA DE ARTICULOS DE VESTUARIO (ADORNOS DE ACRILICO)
82,2520,FABRICA DE ACCESORIOS PARA ALUMBRADO
83,2610,"FABRICA DE ARTICULOS DE VIDRIO PARA EL HOGAR, OFICINA Y OTRO"
84,2691,FABRICA DE ARTICULOS DE CERAMICA
85,2692,FABRICA DE ARTICULOS DE CERAMICA PARA AISLAMIENTO TERMICO
86,2693,"FABRICA DE BALDOSAS, DE ARCILLA Y CERAMICA NO REFRACTARIA"
87,2694,FABRICA DE CAL
88,2695,FABRICA DE ARTICULOS ORNAMENTALES
89,2696,MARMOLERIA
90,2699,FABRICA DE ARTICULOS CONFECCIONADOS DE HILADOS Y TELAS DE AS
91,2710,FABRICA DE ALAMBRE DE ACERO O HIERRO
92,2720,ENCHAPE DE ORO
93,2731,FUNDICION DE PRODUCTOS DE HIERRO Y ACERO
94,2732,FUNDICION DE PRODUCTOS DE METALES NO FERROSOS
95,2811,"FABRICA DE ESTRUCTURAS METALICAS, CON PIEZAS DE FABRICACION"
96,2812,FABRICA DE CALDERAS Y RADIADORES PARA CALEFACION
97,2813,FABRICA DE ACUMULADORES DE VAPOR
98,2891,PRODUCCION DE OBJETOS METALICOS
99,2892,ANODIZACION DE METAL Y ARTICULOS DE METAL
100,2893,"FABRICA DE CHAPAS, CANDADOS Y PASADORES"
101,2899,FABRICA DE ALAMBRE DE PUAS
102,2911,FAB. DE MOTORES DE COMBUSTION INTERNA EXCEPTO DE VEHICULOS A
103,2912,FABRICA DE BOMBAS DE AIRE Y DE VACIO
104,2913,FABRICA DE ACOPLAMIENTO DE ARBOLES
105,2914,FABRICA DE QUEMADORES DE COMBUSTIBLES
106,2915,FABRICA DE ASCENSORES
107,2919,FABRICA DE BASCULAS Y BALANZAS (DIFERENTE  A LAS DE PRECISIO
108,2921,FABRICA DE MAQ. ACLARADORAS
109,2922,FABRICA DE BANCOS DE TREFILAR
110,2923,FABRICA DE CALDEROS DE COLADA
111,2924,FABRICA DE ALISADORAS
112,2925,FABRICA DE ACEPILLADORAS
113,2926,FABRICA DE EQUIPO AUXILIAR DE MAQUINAS TEXTILES
114,2927,FABRICA DE AMETRALLADORAS LIGERAS
115,2929,FABRICA DE CAJAS DE MOLDEAR
116,2930,FABRICA DE ABRELATAS
117,3000,FABRICA DE CAJAS REGISTRADORAS
118,3110,FABRICACION Y REPARACION DE CARGADORES DE BATERIAS
119,3120,FABRICA DE CONMUTADORES DE APARATOS DE CONTROL DE ENERGIA EL
120,3130,FABRICA DE HILOS Y CABLES AISLADOS
121,3140,FABRICA DE ACUMULADORES ELECTRICOS
122,3150,FABRICA DE ARCOS PARA LAMPARAS Y EQUIPO DE ILUMINACION
123,3190,FABRICA DE ARTEFACTOS ELECTRICOS DE SE¥ALIZACION: PARA CONTR
124,3210,FABRICA DE CELULAS FOTOVOLTAICAS
125,3220,FABRICA DE APARATOS RADIOTELEGRAFICOS DE TIPO FACSIMIL
126,3230,FABRICA DE ALTAVOCES
127,3311,FABRICA DE ELECTROCARDIOGRAFOS
128,3312,FABRICA DE APARATOS DE RADAR Y DE CONTROL REMOTO
129,3313,FABRICA DE INSTRUMENTOS PARA MEDIR Y REGULAR LA PRESION DE P
130,3320,FABRICA DE AMPLIADORES Y REDUCTORES DE IMAGEN
131,3330,FABRICA DE APARATOS PARA MEDIR LA HORA DEL DIA
132,3410,FABRICA DE AUTOBUSES
133,3420,FABRICA DE CARROCERIAS
134,3430,FABRICA DE AMORTIGUADORES
135,3511,FABRICA DE AERODESLIZADORES
136,3512,FABRICA DE BARCOS PARA PESCA DEPORTIVA
137,3520,FABRICA DE AMORTIGUADORES (EXCEPTO MUELLES) PARA LOCOMOTORAS
138,3530,FABRICA DE AERONAVES DE ALA GIRATORIA
139,3591,FABRICA DE MOTOCICLETAS
140,3592,FABRICA DE BICICLETAS CON SIDECAR
141,3599,FABRICA DE CALESAS
142,3610,FABRICA DE COLCHONES CON MUELLES
143,3691,FABRICA DE ANODOS DE GALVANOPLASTIA
144,3692,FABRICA DE ACORDEONES
145,3693,FABRICA DE ARTICULOS Y EQUIPO PARA ALPINISMO
146,3694,FABRICA DE EQUIPO AUTOMATICO PARA JUEGO DE BOLOS
147,3699,FABRICA DE TRAPEADORES Y PLUMEROS
148,3710,PROCESAMIENTO DE ARTICULOS DE METAL USADOS O NO
149,3720,PROCESAMIENTO DE DESPERDICIOS Y DESECHOS NO METALICOS
150,4010,CAPTACION DE ENERGIA ELECTRICA
151,4020,DISTRIBUCION DE GAS MEDIANTE TUBERIAS
152,4030,PROD.CAPTAC.Y DISTRIB.VAPOR Y AGUA CALIENTE
153,4100,EMPRESAS DE SERVICIO DE AGUA
154,4510,CONSTRUCCION DE GALERIAS
155,4520,CONSTRUCTORAS DE OBRAS NUEVAS
156,4530,"AISLAMIENTO HIDRICO, TERMICO O SONORO"
157,4540,ACABADOS DE CARPINTERIA - EBANISTERIA
158,4550,ALQUILER DE CAMIONES GRUA CON OPERARIOS
159,5010,VENTA DE VEHICULOS AUTOMOTORES DE PASAJEROS
160,5020,SERVICIO DE LAVADO DE VEHICULOS
161,5030,VENTA DE REPUESTOS PARA VEHICULOS
162,5040,VENTA DE MOTOCICLETAS
163,5050,VENTA DE COMBUSTIBLES Y GRIFOS
164,5110,COMISIONISTA DE PRODUCTOS
165,5121,VENTA DE ANIMALES VIVOS
166,5122,DISTRIBUIDORA DE ACEITES Y GRASAS COMESTIBLES
167,5131,VENTA AL POR MAYOR DE ACCESORIOS PARA PRENDAS DE VESTIR
168,5139,VENTA AL POR MAYOR DE MAQUINAS DE COSER Y TEJER
169,5141,DISTRIBUIDORA DE COMBUSTIBLES GASEOSOS
170,5142,DISTRIBUIDORA DE METALES EN FORMA PRIMARIA
171,5143,DISTRIBUIDORA DE BARNICES Y LACAS
172,5149,VENTA DE ABONOS Y FERTILIZANTES
173,5150,VENTA DE EQUIPO DE INGENIERIA CIVIL
174,5190,VENTA AL POR MAYOR DE PRODUCTOS ESPECIALIZADOS
175,5211,BODEGAS
176,5219,"VENTA DE ROPA, ELECTRODOMESTICOS, ART. PARA EL HOGAR, ETC. -"
177,5220,LICORERIAS
178,5231,FARMACIAS Y BOTICAS
179,5232,ZAPATERIAS
180,5233,VENTA DE ARTEFACTOS DE ILUMINACION Y BRONCE
181,5234,FERRETERIAS
182,5239,VENTA DE ANIMALES CASEROS
183,5240,VENTA DE ARTICULOS USADOS
184,5251,VENTA DE PRODUCTOS DE TODO TIPO POR CATALOGO
185,5252,ABARROTES ( EN PUESTO DE MERCADO )
186,5259,VENTA DE PRODUCTOS REALIZADO POR MAQUINAS EXPENDEDORAS
187,5260,REPARACION DE EFECTOS PERSONALES Y ENSERES DOMESTICOS
188,5270,VENTA AL POR MENOR NO ESPECIFICADO
189,5510,REFUGIO
190,5520,SERVICIO DE COMEDOR EN TRENES
191,6010,TRANSPORTES POR VIA FERREA
192,6021,SERVICIO DE AUTOBUSES DE EXCURSION
193,6022,ALQUILER DE AUTOMOVILES CON CONDUCTOR
194,6023,TRANSPORTE DE CARGA EN VEHICULOS NO MOTORIZADOS
195,6030,FUNCIONAMIENTO DE ESTACIONES DE BOMBEO
196,6110,TRANSPORTE DE CABOTAJE DE PASAJEROS Y CARGA
197,6120,TRANSPORTE DE PASAJEROS Y CARGA POR RIOS
198,6210,TRANSPORTE AEREO DE PASAJEROS Y CARGAS
199,6220,TRANSPORTE ESPACIAL
200,6301,ACTIVIDADES DE ESTIBAS Y DESESTIBAS
201,6302,ALMACENES DE AUTOMOVILES
202,6303,ACTIVIDADES DE CONTROL DE TRAFICO
203,6304,"AGENCIAS DE VIAJE, AGENCIAS DE TURISMO"
204,6309,AGRUPACION Y FRACCIONAMIENTO DE LA CARGA
205,6411,ALQUILER DE BUZONES POSTALES
206,6412,SERVICIOS POSTALES INTERNACIONALES
207,6420,COMUNICACIONES TELEFONICAS
208,6511,BANCOS CENTRALES
209,6519,BANCOS COMERCIALES
210,6591,"ARRENDAMIENTO QUE CUBRE LA VIDA UTIL DEL BIEN, EL ARRENDATAR"
211,6592,CASAS DE PRESTAMO
212,6599,ACTIVIDADES DE LAS SOCIEDADES DE CARTERAS
213,6601,SEGURO DE VIDA Y OTROS
214,6602,ACTIVIDAD DE CAPTACION E INVERSION DE FONDOS
215,6603,SEGURO CONTRA ACCIDENTES
216,6711,ACTIVIDADES DE BOLSA DE VALORES
217,6712,SERVICIO DE CORREDORES DE BOLSA Y ACTIVIDADES CONEXAS
218,6719,ACTIVIDADES AUXILIARES DE INTERMEDIACION FINANCIERA N.C.P.
219,6720,ACTV. AUX. RELACIONADAS CON LA FINANCIACION DE PLANES DE SEG
220,7010,"COMPRA VENTA, ALQUILER DE BIENES INMUEBLES PROPIOS O ALQUILA"
221,7020,ALQUILER DE INMUEBLES
222,7111,"ALQUILER DE FERROCARRILES, VEHICULOS Y/O CASAS RODANTES"
223,7112,ALQUILER DE BUQUES Y EMBARCACIONES COMERCIALES SIN TRIPULACI
224,7113,ALQUILER DE AEROPLANOS SIN TRIPULACION
225,7121,ALQUILER DE MAQUINARIA Y EQUIPO AGROPECUARIO
226,7122,ALQUILER DE MAQUINARIA Y EQUIPO DE CONSTRUCCION E ING. CIVIL
227,7123,ALQ. DE COMPUTADORAS
228,7129,ALQ. DE MAQUINARIA PARA USO PROFESIONAL Y CIENTIFICO
229,7130,ALQUILER DE APARATOS ELECTRICOS Y DE USO DOMESTICO
230,7210,CONSULTORES EN CONFIGURACION DE EQ. DE INFORMATICA
231,7220,CONSULTORES EN SISTEMAS DE INFORMATICA
232,7230,ADMINISTRACION Y MANEJO PERMANENTE DE EQUIPO DE PROCESAMIENT
233,7240,ACTIVIDADES DE PREPARACION DE BASES DE DATOS
234,7250,SERV. DE MANTENIM.Y REP. DE EQUIPO PERIFERICO CONEXO
235,7290,ACTIVIDADES DE INFORMATICA N.C.P.
236,7310,"INVESTIGACION EN CIENCIAS NATURALES:EJM. MATEMATICAS, MEDICI"
237,7320,"INVESTIGACION EN CIENCIAS SOCIALES Y HUMANID. EJM: ECONOMIA,"
238,7411,ACTIVIDADES DE ARBITRADORES
239,7412,ESTUDIOS CONTABLES
240,7413,ACTIVIDADES SOBRE LA ACEPTACION Y GRADO DE DIFUSION DE PRODU
241,7414,ACTIVIDADES DE ARBITRAJE Y CONCILIACION ENTRE LA GERENCIA Y
242,7421,"ACTIVIDADES DE ARQUITECTURA, INGENIERIA Y AGRIMENSURA"
243,7422,ANALISIS DE DEFECTOS DE PRODUCTOS
244,7430,SERVICIOS DE PUBLICIDAD
245,7491,AGENCIAS DE EMPLEO
246,7492,ACTIVIDADES DE DETECTIVES DE ALMACENES Y DE VIGILANCIA
247,7493,ACTIVIDADES DESINFECCION Y EXTERMINIO
248,7494,ACTIVIDADES DE FOTOGRAFIA PUBLICITARIA
249,7495,MONTAJE DE NOVEDADES Y BOTON EN TARJETAS
250,7499,AGENCIAS DE CONTRATOS
251,7511,ADMINISTRACION Y APLICACION DE IMPUESTOS
252,7512,"ADM. DE PROG. ATENCION, MEJORAM. Y PROTECCION DE LA SALUD"
253,7513,SERV. ADMINISTRATIVOS RELACIONADOS CON COMERCIO
254,7514,ADM. DE EDIFICIOS DE PROPIEDAD PUBLICA
255,7521,ADMINISTRACION DE SERV. INFORMATIVOS Y CULT. EN EL EXTERIOR
256,7522,"ABASTECIMIENTO DE EQUIPO, ESTRUCTURAS Y SUMINISTRO ETC."
257,7523,"ABASTECIMIENTO, SUMINISTRO PARA SER UTILIZ. EN EMERGENCIAS I"
258,7530,"PLANES QUE CUBREN PERDIDAS DE INGRESO: EJM. MATERNIDAD, INCA"
259,8010,SERVICIO DE ENSE¥ANZA ESPEC. PARA NI¥OS INCAPACITADOS
260,8021,ENSE¥ANZA ESPECIAL DE TIPO ACADEMICO PRA ESTUD. INCAPACITADO
261,8022,INSTITUTO DE ENSE¥ANZA TECNICA
262,8030,INSTITUTO DE ENSE¥ANZA SUPERIOR
263,8090,ESCUELAS DE PRIMARIA Y SECUNDARIA PARA ADULTOS
264,8511,HOSPITALES GENERALES Y ESPECIALIZADOS
265,8512,CONSULTORIOS DE MEDICINA GENERAL
266,8519,LABORATORIOS CLINICOS
267,8520,CLINICAS PARA ANIMALES
268,8531,"ACTIVIDADES DE ASISTENC. SOCIAL A NI¥OS, ANCIANOS, ETC."
269,8532,CENTRO DE ATENCION DIURNA DE PERSONAS INCAPACITADAS
270,9000,"ACTIV.DILUCION, CRIBADO, FILTRACION, SEDIMENTACION"
271,9111,CAMARAS DE COMERCIO Y GREMIOS
272,9112,"ORGANIZ. CIENTIFICAS, PROFESIONALES Y TECNICAS"
273,9120,SINDICATOS CON SUS FILIALES
274,9191,"ORGANIZACIONES RELIGIOSAS, IGLESIAS, TEMPLOS Y OTROS"
275,9192,ORGANIZACIONES JUVENILES ASOCIADAS A PARTIDOS POLITICOS
276,9199,"ASOCIACIONES, CLUB ROTARIOS, LOGIAS MASONICAS, ETC"
277,9211,ACTIV. AUXILIARES COMO EL MONTAJE Y DOBLAJE PELICULA
278,9212,EXHIBICION DE FILMS Y VIDEO CINTAS EN CINEMATOGRAFOS
279,9213,PRODUC. EN VIVO O EN CINTAS DE PROGRAMAS DE RADIO Y TV
280,9214,"ACTIVIDADES ESCENOGRAFIA, ILUMINACION Y SONIDO"
281,9219,"SALAS DE BAILE, DISCOTECAS E INSTRUCT. DE DANZA"
282,9220,ACTIV.DE CONSORCIOS Y AGENCIAS DE NOTICIAS
283,9231,BIBLIOTECAS
284,9232,"MUSEOS DE ARTE, ORFEBRERIA, MUEBLES, ETC."
285,9233,"JARDINES BOTANICOS, ZOOLOGICOS Y PARQUE NACIONALES"
286,9241,PROMOTORAS Y PRODUCTORAS DE ESPECTACULOS
287,9249,AGENCIAS DE CONTRATACION DE ACTORES Y ACTRICES
288,9301,LAVANDERIAS
289,9302,PELUQUERIAS
290,9303,AGENCIAS FUNERARIAS
291,9309,ASTROLOGIA Y ESPIRITISMO
292,9500,"SERV. DE MOZOS DE CUADRA, CHOFERES, CONSERJES, ETC."
293,9900,BANCO MUNDIAL
294,9999,OTRAS ACTIVIDADES N.C.P.
295,,
