,CODREV4,rnombre
0,0111,"Cultivo de cereales (excepto arroz), legumbres y semillas  oleaginosas"
1,0112,Cultivo de arroz
2,0113,"Cultivo de vegetales y melones, raíces y tubérculos"
3,0114,Cultivo de  caña de  azúcar
4,0115,Cultivo de tabaco
5,0116,Cultivo de fibras
6,0119,Cultivo de otros productos  no perennes
7,0121,Cultivo de uvas
8,0122,Cultivo de frutas tropicales y subtropicales
9,0123,Cultivo de frutas cítricas
10,0124,Cultivo de frutas con hueso y con pepa
11,0125,Cultivo de otras  frutas y nueces que crecen en árboles y arbustos
12,0126,Cultivo de  frutas oleaginosas
13,0127,Cultivo de productos para preparar bebidas
14,0128,"Cultivo de plantas aromáticas, medicinales y especias"
15,0129,Otros cultivos perennes
16,0130,Propagación de plantas
17,0141,Cría de ganado vacuno y búfalos
18,0142,Cría  de caballos y otros equinos
19,0143,Cría de camellos y  camélidos
20,0144,Cría de  ovejas y cabras
21,0145,Cria de cerdos / puercos
22,0146,Cría  de  aves de corral
23,0149,Cria  de otros animales
24,0150,Explotación mixta
25,0161,Actividades de apoyo a los cultivos
26,0162,Actividades de apoyo a la ganadería
27,0163,Actividades posteriores a la cosecha
28,0164,Procesamiento de semillas  para la propagación
29,0170,"Caza ordinaria, mediante trampas y actividades de servicios conexas"
30,0210,Silvicultura y otras actividades relacionadas a la silvicultura
31,0220,Extracción de madera
32,0230,Recolección de productos forestales diferentes a la madera
33,0240,Servicios de apoyo a la silvicultura
34,0311,Pesca marítima
35,0312,Pesca de agua dulce
36,0321,Acuicultura marítima
37,0322,Acuicultura en agua dulce
38,0510,Extracción y aglomeración de carbón de piedra
39,0520,Extracción y aglomeración de lignito
40,0610,Extracción de petróleo crudo
41,0620,Extracción de gas natural
42,0710,Extracción de minerales de hierro
43,0721,Extracción de minerales de uranio y torio
44,0729,Extracción de otros minerales metalíferos no ferrosos
45,0810,"Extracción de piedra, arena y arcilla"
46,0891,Extracción de minerales para la fabricación de fertilizantesy productos químicos
47,0892,Extracción de turba
48,0893,Extracción de sal
49,0899,Explotación de otras minas y canteras n.c.p.
50,0910,Actividades de apoyo a la extracción de petróleo y gas natural
51,0990,Actividades de apoyo a la explotación de otras minas y canteras
52,1010,Procesamiento y conservación de carne
53,1020,"Procesamiento y conservación de pescados , crustáceos y moluscos"
54,1030,Procesamiento y conservación de frutas y vegetales
55,1040,Elaboración de aceites y grasas de origen vegetal y animal
56,1050,Elaboración de productos lácteos
57,1061,Elaboración de productos de molinería
58,1062,Elaboración de almidones y productos elaborados del almidón
59,1071,Elaboración de productos de panadería
60,1072,Elaboración de azúcar
61,1073,"Elaboración de cacao, chocolate y productos de confitería"
62,1074,"Elaboración de macarrones, fideos, cuscús y productos farináceos similares"
63,1075,Elaboración de comidas y platos preparados
64,1079,Elaboración de otros productos alimenticios n.c.p.
65,1080,Elaboración de  alimentos preparados para animales
66,1101,"Destilación, rectificación y mezcla de bebidas alcohólicas"
67,1102,Elaboración de vinos
68,1103,Elaboración de bebidas malteadas y de malta
69,1104,"Elaboración de bebidas no alcohólicas, producción de aguas minerales y otras aguas embotelladas"
70,1200,Elaboración de productos de tabaco
71,1311,Preparación e hiladura de fibras textiles
72,1312,Tejedura de productos textiles
73,1313,Acabado de productos textiles
74,1391,Fabricación de tejidos y tela de punto (Crochet o Ganchillo)
75,1392,"Fabricación de artículos confeccionados con textiles, excepto prendas de vestir"
76,1393,Fabricación de tapices y alfombras
77,1394,"Fabricación de cuerdas, cordeles, bramantes y redes"
78,1399,Fabricación de otros textiles n.c.p.
79,1410,"Fabricación de prendas de vestir, excepto prendas de peletería"
80,1420,Fabricación de artículos de peletería
81,1430,Fabricación de prendas de tejidos de punto y ganchillo
82,1511,Curtido y adobo de cueros; adobo y teñido de pieles
83,1512,"Fabricación de maletas, bolsos de mano y artículos de artículos de talabartería y guarnicionería"
84,1520,Fabricación de calzado
85,1610,Aserrados y acepilladura de madera
86,1621,Fabricación de hojas de madera para enchapado y paneles a base de madera
87,1622,Fabricación de partes y piezas de carpintería para edificios y construcciones
88,1623,Fabricación de recipientes de madera
89,1629,"Fabricación de otros productos de madera; fabricación de artículos de corcho, paja y materiales trenzables"
90,1701,"Fabricación de pulpa, papel y cartón"
91,1702,Fabricación de papel y cartón corrugado y de envases de papel y cartón
92,1709,Fabricación de otros artículos de papel y cartón
93,1811,Actividades de impresión
94,1812,Servicios relacionados con la impresión
95,1820,Reproducción de grabaciones
96,1910,Fabricación de productos de horno de coque
97,1920,Fabricación de los productos de la refinación del petróleo
98,2011,Fabricación de sustancias químicas básicas
99,2012,Fabricación de abonos y compuestos de nitrógeno
100,2013,Fabricación de plásticos y de caucho sintético en formas primarias
101,2021,Fabricación de pesticidas y de otros productos químicos de uso agropecuario
102,2022,"Fabricación de pinturas, barnices y productos de revestimiento similares, tintas de imprenta y masillas"
103,2023,"Fabricación de jabones y detergentes, preparados para limpiar y pulir, perfumes y preparados de tocador"
104,2029,Fabricación de otros productos químicos n.c.p.
105,2030,Fabricación de fibras manufacturadas
106,2100,"Fabricación de productos farmacéuticos, sustancias químicas medicinales y de productos botánicos"
107,2211,Fabricación de neumáticos de caucho y tubos; recauchutado y reconstrucción de neumáticos de caucho
108,2219,Fabricación de otros productos de caucho
109,2220,Fabricación de productos de plástico
110,2310,Fabricación de vidrio y productos de vidrio
111,2391,Fabricación de productos refractarios
112,2392,Fabricación de materiales de arcilla para la construcción
113,2393,Fabricación de otros productos de cerámica y porcelana
114,2394,"Fabricación de cemento, cal y yeso"
115,2395,"Fabricación de artículos de hormigón, cemento y yeso"
116,2396,"Corte, tallado y acabado de piedra"
117,2399,Fabricación de otros productos minerales no metálicos n.c.p.
118,2410,Industrias básicas de hierro y acero
119,2420,Fabricación de productos primarios de metales preciosos y metales no ferrosos
120,2431,Fundición de hierro y acero
121,2432,Fundición de metales no ferrosos
122,2511,Fabricación de productos metálicos para uso estructural
123,2512,"Fabricación de tanques, depósitos y recipientes de metal"
124,2513,"Fabricación de generadores de vapor, excepto calderas de agua caliente para calefacción central"
125,2520,Fabricación de armas y municiones
126,2591,"Forja, prensado, estampado y laminado de metales; pulvimetalurgia"
127,2592,"Fabricación, tratamiento y revestimiento de metales"
128,2593,"Fabricación de artículos de cuchillería, herramientas de mano y artículos de ferretería"
129,2599,Fabricación de otros productos de metal n.c.p.
130,2610,Fabricación de componentes y tableros electrónicos
131,2620,Fabricación de computadoras y equipo periférico
132,2630,Fabricación de equipos de comunicaciones
133,2640,Fabricación de aparatos de consumo electrónico
134,2651,"Fabricación de equipos para medir, verificar, navegar y equipos de control"
135,2652,Fabricación de todo tipo de relojes
136,2660,"Fabricación de equipos radiológicos, electromédicos y electroterapeúticos"
137,2670,Fabricación de instrumentos ópticos y equipo fotográfico
138,2680,Fabricación de soportes magnéticos y ópticos
139,2710,"Fabricación de motores eléctricos, generadores, transformadores y distribución de la electricidad; y los aparatos de control"
140,2720,Fabricación de baterías y acumuladores
141,2731,Fabricación de cables de fibra óptica
142,2732,Fabricación de otros cables eléctricos y electrónicos
143,2733,Fabricación de  dispositivos de cableado
144,2740,Fabricación de equipos de iluminación eléctricos
145,2750,Fabricación de aparatos de uso doméstico
146,2790,Fabricación de otros equipos eléctricos
147,2811,"Fabricación de motores y turbinas, excepto motores para aeronaves, vehículos automotores y motocicletas"
148,2812,Fabricación de equipos hidráulicos
149,2813,"Fabricación de bombas, compresores, grifos y válvulas"
150,2814,"Fabricación de cojinetes, engranajes, trenes de engranajes y piezas de transmisión"
151,2815,Fabricación de hornos y quemadores
152,2816,Fabricación de equipo de elevación y manipulación
153,2817,Fabricación de maquinaria y equipo de oficina (excepto computadoras y equipos periféricos)
154,2818,Fabricación de herramientas manuales
155,2819,Fabricación de otros tipos de maquinaria de uso general
156,2821,Fabricación de maquinaria agropecuaria y forestal
157,2822,Fabricación de maquinarias de metal y máquinas herramientas
158,2823,Fabricación de maquinaria para metalúrgica
159,2824,"Fabricación de maquinaria para explotación de minas, canteras y para obras de construcción"
160,2825,"Fabricación de maquinaria para la elaboración de alimentos, bebidas y tabaco"
161,2826,"Fabricación de maquinaria para la elaboración de productos textiles, prendas de vestir y cueros"
162,2829,Fabricación de otros tipos de maquinaria de uso especial
163,2910,Fabricación de vehículos automotores
164,2920,Fabricación de carrocerías para vehículos automotores; fabricación de remolques y semiremolques
165,2930,"Fabricación de partes, piezas y accesorios para vehículos automotores y sus motores"
166,3011,Construcción de buques y estructuras flotantes
167,3012,Construcción de embarcaciones de recreo y deporte
168,3020,Fabricación de locomotoras y material rodante para ferrocarriles
169,3030,"Fabricación de aeronaves, naves espaciales y maquinaria conexa"
170,3040,Fabricación de vehículos militares de combate
171,3091,Fabricación de motocicletas
172,3092,Fabricación de bicicletas y de sillas de ruedas para inválidos
173,3099,Fabricación de otros equipos de transporte n.c.p.
174,3100,Fabricación de muebles
175,3211,Fabricación de joyas y artículos conexos
176,3212,Fabricación de joyas de imitación y artículos conexos
177,3220,Fabricación de instrumentos musicales
178,3230,Fabricación de artículos de deporte
179,3240,Fabricación de juegos y juguetes
180,3250,Fabricación de instrumentos y suministros médicos y odontológicos
181,3290,Otras industrias manufactureras n.c.p.
182,3311,Reparación y mantenimiento de productos elaborados de metal
183,3312,Reparación y mantenimiento de maquinaria
184,3313,Reparación y mantenimiento de equipo electrónico y óptico
185,3314,Reparación y mantenimiento de equipo eléctrico
186,3315,"Reparación y mantenimiento de equipo de transporte, excepto los vehículos automotores"
187,3319,Reparación y mantenimiento de equipo de otro tipo
188,3320,Instalación de maquinaria y equipo industrial
189,3510,"Producción, transmisión y distribución de energía eléctrica"
190,3520,Fabricación de gas; distribución de combustibles gaseosos por tuberías
191,3530,Suministro de vapor y aire acondicionado
192,3600,"Captación, tratamiento y suministro de agua"
193,3700,Alcantarillado
194,3811,Recolección de desechos no peligrosos
195,3812,Recolección de desechos peligrosos
196,3821,Tratamiento y eliminación de desechos no peligrosos
197,3822,Tratamiento y eliminación de desechos peligrosos
198,3830,Recuperación de materiales
199,3900,Actividades de saneamiento y otros servicios de gestión de desechos
200,4100,Construcción de edificios
201,4210,Construcción de caminos y vías férreas
202,4220,Construcción de proyectos de servicios públicos
203,4290,Construcción de otros proyectos de ingeniería civil
204,4311,Demolición del terreno
205,4312,Preparación del terreno
206,4321,Instalación eléctrica
207,4322,Fontanería e instalación de calefacción y aire acondicionado
208,4329,Otras instalaciones de construcción
209,4330,Terminación y acabado de edificios
210,4390,Otras actividades especializadas de la construcción
211,4510,Venta de vehículos automotores
212,4520,Mantenimiento y reparación de vehículos automotores
213,4530,"Venta de partes, piezas y accesorios de vehículos automotores"
214,4540,"Venta, mantenimiento y reparación de motocicletas y sus partes y repuestos"
215,4610,Venta al por mayor a cambio de una retribución o por contrato
216,4620,Venta al por mayor de materias primas agropecuarias y animales vivos
217,4630,"Venta al por mayor de alimentos, bebidas y tabaco"
218,4641,"Venta al por mayor de textiles, prendas de vestir y calzado"
219,4649,Venta al por mayor de otros enseres domésticos
220,4651,"Venta al por mayor de computadoras, equipo informático periférico y programas informáticos"
221,4652,Venta al por mayor de equipos electrónicos de telecomunicaciones y sus partes
222,4653,"Venta al por mayor de maquinaria agrícola, equipos y suministros"
223,4659,Venta al por mayor de otro tipo de maquinaria y equipo
224,4661,"Venta al por mayor de combustibles sólidos, líquidos y gaseosos y productos conexos"
225,4662,Venta al por mayor de metales y minerales metalíferos
226,4663,"Venta al por mayor de materiales de construcción, artículos de ferretería y equipo y materiales de fontanería y calefacción"
227,4669,"Venta al por mayor de desperdicios, desechos y otros productos n. c. p."
228,4690,Venta al por mayor de otros productos no especializada
229,4711,"Venta al por menor en almacenes no especializados, con predominio en productos alimenticios, bebidas y tabaco"
230,4719,Venta al por menor de otros productos en almacenes no especializados
231,4721,Venta al por menor de alimentos en almacenes especializados
232,4722,Venta al por menor de bebidas en almacenes especializados
233,4723,Venta al por menor de tabaco en almacenes especializados
234,4730,Venta al por menor de combustible para vehículos automotores en almacenes especializados
235,4741,"Venta al por menor de computadoras, unidades periféricas, programas informáticos y equipos de telecomunicaciones en almacenes especializados"
236,4742,Venta al por menor de equipos de audio y video en almacenes especializados
237,4751,Venta al por menor de productos textiles en almacenes especializados
238,4752,"Venta al por menor de artículos de ferretería, pinturas y productos de vidrio en almacenes especializados"
239,4753,"Venta al por menor de alfombras, cubiertas de pared y piso en almacenes especializados"
240,4759,"Venta al por menor de electrodomésticos,  muebles, aparatos de iluminación, y otros artículos para el hogar en almacenes especializados"
241,4761,"Venta al por menor de libros, periódicos y artículos de papelería en almacenes especializados"
242,4762,Venta al por menor de grabaciones musicales y videográficas en almacenes especializados
243,4763,Venta al por menor de artículos de deporte en almacenes especializados
244,4764,Venta al por menor de juegos y juguetes en almacenes especializados
245,4771,"Venta al por menor de prendas de vestir, calzado y artículos de cuero en almacenes especializados"
246,4772,"Venta al por menor de productos farmacéuticos y medicinales, cosméticos y artículos de tocador en almacenes especializados"
247,4773,Otras ventas al por menor de productos nuevos en almacenes especializados
248,4774,Venta al por menor  de artículos de segunda mano
249,4781,"Venta al por menor de alimentos, bebidas y productos del tabaco en puestos de venta y mercados"
250,4782,"Venta al por menor de productos textiles, prendas de vestir y calzado en puestos de venta y mercados"
251,4789,Venta al por menor de otros productos en puestos de venta y mercados
252,4791,Venta al por menor a través de pedido por correo o internet
253,4799,"Otros tipos de venta al por menor no realizada en almacenes, puestos de venta o mercados"
254,4911,Transporte de pasajeros por vía férrea
255,4912,Transporte de carga por vía férrea
256,4921,Transporte terrestre de pasajeros de áreas urbanas y suburbanas
257,4922,Otros tipos de transporte terrestre de pasajeros
258,4923,Transporte de carga por carretera
259,4930,Transporte por tuberías
260,5011,Transporte marítimo y de cabotaje de pasajeros
261,5012,Transporte marítimo y de cabotaje de carga
262,5021,Transporte de pasajeros por vías de navegación interiores
263,5022,Transporte de carga por vías de navegación interiores
264,5110,Transporte de pasajeros por vía aérea
265,5120,Transporte de carga por vía aérea
266,5210,Depósito y almacenamiento
267,5221,Actividades de servicios relacionadas con el transporte terrestre
268,5222,Actividades de servicios relacionadas con el transporte acuático
269,5223,Actividades de servicios relacionadas con el transporte aéreo
270,5224,Manipulación de la carga
271,5229,Otras actividades complementarias de transporte
272,5310,Correo
273,5320,Servicio de mensajería
274,5510,Actividades de alojamiento de corto plazo
275,5520,"Parques de caravanas, parques de remolques, campamentos de recreo y camping"
276,5590,Otros tipos de alojamiento
277,5610,Restaurantes y servicios móviles de alimentación
278,5621,Provisión de comidas preparadas
279,5629,Otras actividades del servicio de alimentación
280,5630,Actividades vinculadas al servicio de bebidas
281,5811,Edición de libros
282,5812,Edición de directorios y listas de correo
283,5813,"Edición de periódicos, revistas y publicaciones periódicas"
284,5819,Otras actividades de edición
285,5820,Edición de programas informáticos
286,5911,"Actividades de producción de películas, videocintas y programas de televisión"
287,5912,"Actividades posteriores de la producción de películas, videocintas y programas de televisión"
288,5913,"Actividades de distribución de películas, videocintas y programas de televisión"
289,5914,Actividades de proyección de películas
290,5920,Actividades de grabación de sonido y edición de música
291,6010,Difusión de radio
292,6020,Actividades de programación y difusión por televisión
293,6110,Actividades de telecomunicaciones por cable
294,6120,Actividades de telecomunicaciones inalámbricas
295,6130,Actividades de telecomunicaciones por satélite
296,6190,Otras actividades de telecomunicación
297,6201,Actividades de programación informática
298,6202,Actividades de consultoría informática y  administración de medios informáticos
299,6209,Otras actividades de tecnología de la información y servicios informáticos
300,6311,"Procesamiento de datos, hospedaje y actividades conexas"
301,6312,Portales web
302,6391,Actividades de agencias de noticias
303,6399,Otras actividades de servicios de información n.c.p.
304,6411,Banca central
305,6419,Otros tipos de intermediación monetaria
306,6420,Actividades de sociedades de cartera (holding)
307,6430,"Fideicomisos, fondos y otras fuentes de financiamiento"
308,6491,Arrendamiento financiero
309,6492,Otros tipos de actividades crediticias
310,6499,"Otras actividades de servicios financieros, excepto seguros y fondo de pensiones n.c.p."
311,6511,Seguros de vida
312,6512,Otros tipos de seguros
313,6520,Reaseguros
314,6530,Fondo de pensiones
315,6611,Administración de mercados financieros
316,6612,Actividades bursátiles y de tramitación de contratos de productos básicos
317,6619,Otras actividades auxiliares a las actividades de servicios financieros
318,6621,Evaluación de riesgos y daños
319,6622,Actividades de los agentes y corredores de seguros
320,6629,Otras actividades auxiliares de seguros y fondo de pensiones
321,6630,Actividades de administración de fondos
322,6810,Actividades inmobiliarias realizadas con bienes propios o arrendados
323,6820,Actividades inmobiliarias realizadas a cambio de un retribución o por contrato
324,6910,Actividades jurídicas
325,6920,"Actividades de contabilidad, teneduría de libros y auditorías; asesoramiento en materia de impuestos"
326,7010,Actividades de oficinas centrales
327,7020,Actividades de asesoramiento sobre administración de empresas
328,7110,Actividades de arquitectura e ingeniería y actividades conexas de asesoramiento técnico
329,7120,Ensayos y análisis técnicos
330,7210,Investigación y desarrollo experimental en el campo de las ciencias naturales y la ingeniería
331,7220,Investigación y desarrollo experimental en el campo de las ciencias sociales y las humanidades
332,7310,Publicidad
333,7320,Investigación de mercados y encuestas de opinión pública
334,7410,Actividades especializadas de diseño
335,7420,Actividades fotográficas
336,7490,"Otras actividades profesiones, científicas y técnicas n.c.p."
337,7500,Actividades veterinarias
338,7710,Alquiler y arrendamiento de vehículos automotores
339,7721,Alquiler y arrendamiento de equipos recreativos y deportivos
340,7722,Alquiler de cintas de video y discos
341,7729,Alquiler de otros bienes personales y enseres domésticos
342,7730,"Alquiler y arrendamiento de otros tipos de maquinarias, equipos y bienes tangibles"
343,7740,"Arrendamiento de la propiedad intelectual y productos similares, excepto derechos de autor"
344,7810,Actividades de agencias de colocación de empleo
345,7820,Actividades de agencias de trabajo temporal
346,7830,Otros suministros de recursos humanos
347,7911,Actividades de agencias de viajes
348,7912,Actividades de operadores turísticos
349,7990,Otros servicios de reserva y actividades relacionadas
350,8010,Actividades de seguridad privada
351,8020,Actividades de servicio de sistemas de seguridad
352,8030,Actividades de investigación
353,8110,Actividades combinadas de apoyo a instalaciones
354,8121,Limpieza general de edificios
355,8129,Otras actividades de limpieza en edificios e industrias
356,8130,Actividades de servicio de mantenimiento y cuidado de jardines y áreas verdes
357,8211,Actividades combinadas de prestación de servicios administrativos de oficina
358,8219,"Fotocopiado, preparación de documentos y otras actividades especializadas de apoyo a oficinas"
359,8220,Actividades de las centrales telefónicas
360,8230,Organización de convenciones y eventos comerciales
361,8291,Actividades de agencias de cobranza y oficinas de crédito
362,8292,Actividades de embalaje
363,8299,Actividades de servicios empresariales complementarios n.c.p.
364,8411,Actividades de la administración pública en general
365,8412,"Regulación de las actividades de organismos que prestan servicios de salud, educación, culturales y otros servicios sociales, excepto servicios de seguridad social"
366,8413,Regulación y facilitación de la actividad económica
367,8421,Relaciones exteriores
368,8422,Actividades de defensa
369,8423,Actividades de mantenimiento del orden público y de seguridad
370,8430,Actividades de planes de seguridad social obligatoria
371,8510,Enseñanza pre-escolar (inicial) y primaria
372,8521,Enseñanza secundaria de formación general
373,8522,Enseñanza secundaria de formación técnica y profesional
374,8530,Enseñanza superior
375,8541,Educación deportiva y recreativa
376,8542,Educación cultural
377,8549,Otros tipos de enseñanza n.c.p.
378,8550,Servicios de apoyo educativo
379,8610,Actividades de hospitales
380,8620,Actividades de médicos y odontólogos
381,8690,Otras actividades relacionadas con la salud humana
382,8710,Instalaciones residenciales de cuidado de enfermería
383,8720,"Instituciones dedicadas al tratamiento del retraso mental, problemas de salud mental y uso indebido de sustancias nocivas"
384,8730,Instituciones dedicadas al cuidado del  adulto mayor y discapacitados
385,8790,Otras instituciones residenciales  de cuidado
386,8810,Servicios sociales sin alojamiento para el  adulto mayor y discapacitados
387,8890,Otros servicios sociales sin alojamiento
388,9000,"Actividades de arte, entretenimiento y creatividad"
389,9101,Actividades de bibliotecas y archivos
390,9102,Actividades de museos y preservación de lugares y edificios históricos
391,9103,"Actividades de jardines botánicos, parques zoológicos y reservas naturales"
392,9200,Actividades de juego y apuestas
393,9311,Gestión de instalaciones deportivas
394,9312,Actividades de clubes deportivos
395,9319,Otras actividades deportivas
396,9321,Actividades de parques de atracciones y parques temáticos
397,9329,Otras actividades de diversión y esparcimiento n.c.p.
398,9411,Actividades de asociaciones empresariales y de empleadores
399,9412, Actividades de asociaciones profesionales
400,9420,Actividades de sindicatos
401,9491,Actividades de organizaciones religiosas
402,9492,Actividades de organizaciones políticas
403,9499,Actividades de otras organizaciones  n.c.p.
404,9511,Reparación de computadoras y equipo periférico
405,9512,Reparación de equipos de comunicación
406,9521,Reparación de aparatos electrónicos de consumo
407,9522,"Reparación de aparatos domésticos, equipos para el hogar y jardín"
408,9523,Reparación de calzado y artículos de cuero
409,9524,Reparación de muebles y accesorios para el hogar
410,9529,Reparación de otros bienes personales y enseres domésticos
411,9601,Lavado y limpieza (en seco) de prendas de tela y productos de peletería
412,9602,Peluquería y otros tratamientos de belleza
413,9603,Funeral y actividades conexas
414,9609,Otras actividades de servicios  personales n.c.p.
415,9700,Actividades de los hogares en calidad de empleadores de personal doméstico
416,9900,Actividades de organizaciones y órganos extraterritoriales
417,,
418,,
